time_step,channel,rssi,snr,interference,load,throughput
0,1,-69.4,38.28,0.732,0.599,54.22
0,2,-86.81,35.32,0.601,0.708,40.79
0,3,-88.87,38.95,0.832,0.212,51.79
0,4,-73.27,23.37,0.432,0.291,38.46
0,5,-56.35,9.88,0.292,0.366,28.06
1,1,-79.02,23.0,0.592,0.046,36.88
1,2,-56.59,10.97,0.065,0.949,16.17
1,3,-52.37,20.41,0.122,0.495,47.71
1,4,-88.11,36.83,0.259,0.663,55.9
1,5,-59.93,11.47,0.97,0.775,1.0
2,1,-38.33,36.32,0.598,0.922,62.14
2,2,-68.62,14.5,0.829,0.357,10.0
2,3,-74.55,23.99,0.141,0.802,34.4
2,4,-89.7,33.54,0.707,0.729,34.64
2,5,-47.58,7.59,0.358,0.116,28.74
3,1,-71.8,7.22,0.311,0.325,14.02
3,2,-49.87,27.31,0.887,0.472,42.36
3,3,-48.16,24.64,0.771,0.494,37.8
3,4,-61.25,19.96,0.025,0.108,56.1
3,5,-72.71,22.8,0.908,0.249,24.89
4,1,-67.43,31.44,0.229,0.077,67.96
4,2,-38.87,33.28,0.633,0.871,54.84
4,3,-45.8,11.53,0.893,0.539,7.79
4,4,-77.46,19.95,0.818,0.861,4.12
4,5,-89.62,22.88,0.417,0.222,31.84
5,1,-38.14,16.31,0.519,0.703,28.01
5,2,-70.0,39.01,0.962,0.252,52.1
5,3,-74.33,6.29,0.61,0.503,1.0
5,4,-87.17,14.75,0.908,0.24,2.58
5,5,-35.79,13.47,0.672,0.762,16.34
6,1,-76.93,30.49,0.368,0.632,47.43
6,2,-85.03,34.24,0.321,0.187,68.24
6,3,-87.76,25.68,0.678,0.017,32.09
6,4,-54.52,11.1,0.691,0.387,14.76
6,5,-38.48,9.81,0.341,0.113,39.76
7,1,-45.05,24.43,0.53,0.242,50.71
7,2,-84.88,36.4,0.9,0.633,33.81
7,3,-50.07,36.4,0.887,0.78,47.69
7,4,-54.69,7.94,0.162,0.899,12.11
7,5,-89.72,10.63,0.549,0.692,1.0
8,1,-54.14,12.85,0.712,0.237,24.81
8,2,-54.27,34.72,0.658,0.568,55.91
8,3,-84.85,17.87,0.265,0.244,29.03
8,4,-40.94,27.09,0.795,0.503,48.32
8,5,-58.27,22.24,0.195,0.722,38.21
9,1,-38.27,38.39,0.915,0.37,72.39
9,2,-89.15,37.49,0.428,0.967,40.86
9,3,-43.19,16.09,0.169,0.557,37.04
9,4,-38.51,29.36,0.57,0.097,70.11
9,5,-41.74,30.93,0.697,0.702,49.08
10,1,-70.23,15.28,0.809,0.81,2.45
10,2,-46.09,27.75,0.702,0.796,53.05
10,3,-41.05,16.83,0.376,0.094,48.06
10,4,-64.39,23.99,0.287,0.591,42.67
10,5,-88.32,6.31,0.823,0.36,1.0
11,1,-47.65,12.55,0.623,0.085,27.23
11,2,-87.16,23.6,0.541,0.637,15.39
11,3,-46.26,14.48,0.439,0.078,41.25
11,4,-88.61,38.69,0.836,0.696,37.0
11,5,-81.4,13.76,0.549,0.715,1.47
12,1,-53.69,14.8,0.955,0.738,12.02
12,2,-66.92,13.67,0.356,0.758,17.35
12,3,-89.21,9.06,0.046,0.041,22.45
12,4,-63.92,8.42,0.492,0.473,10.63
12,5,-80.47,20.18,0.399,0.616,21.46
13,1,-69.4,26.91,0.503,0.856,33.0
13,2,-53.77,10.7,0.071,0.642,26.55
13,3,-38.29,25.14,0.388,0.643,52.26
13,4,-64.8,24.1,0.941,0.386,28.74
13,5,-86.08,16.16,0.845,0.023,11.49
14,1,-45.2,14.86,0.118,0.697,38.86
14,2,-49.57,33.12,0.282,0.177,79.48
14,3,-48.72,33.24,0.991,0.413,55.92
14,4,-71.26,37.58,0.858,0.429,51.27
14,5,-48.7,31.41,0.103,0.903,66.73
15,1,-72.4,36.34,0.389,0.011,74.6
15,2,-40.2,8.2,0.319,0.95,13.25
15,3,-55.25,20.7,0.293,0.329,48.54
15,4,-53.01,31.33,0.792,0.79,42.64
15,5,-86.83,24.23,0.442,0.888,16.92
16,1,-70.7,9.1,0.143,0.762,7.05
16,2,-85.37,29.53,0.073,0.822,44.38
16,3,-51.16,7.85,0.085,0.987,8.56
16,4,-45.3,38.15,0.986,0.753,51.02
16,5,-69.31,7.92,0.777,0.558,1.0
17,1,-83.88,22.24,0.011,0.469,40.0
17,2,-86.9,9.16,0.118,0.649,6.67
17,3,-37.08,18.12,0.286,0.869,42.01
17,4,-77.7,38.71,0.012,0.97,64.64
17,5,-85.94,24.38,0.969,0.523,13.68
18,1,-55.38,29.35,0.455,0.628,54.3
18,2,-87.5,14.83,0.95,0.89,1.0
18,3,-64.94,26.7,0.277,0.188,51.54
18,4,-57.9,7.72,0.974,0.986,1.0
18,5,-51.6,23.76,0.31,0.814,39.4
19,1,-39.9,33.79,0.95,0.726,52.47
19,2,-56.26,19.64,0.933,0.866,15.05
19,3,-35.7,10.26,0.594,0.381,23.93
19,4,-36.65,34.47,0.838,0.469,58.97
19,5,-86.9,35.27,0.813,1.0,25.9
20,1,-35.18,24.44,0.769,0.945,33.25
20,2,-65.22,9.52,0.954,0.606,1.0
20,3,-77.42,28.51,0.618,0.358,41.81
20,4,-61.38,32.03,0.52,0.852,44.22
20,5,-59.65,24.63,0.877,0.403,34.99
21,1,-51.28,12.45,0.136,0.015,48.92
21,2,-70.72,25.65,0.392,0.437,42.42
21,3,-61.73,32.43,0.397,0.622,58.69
21,4,-42.57,38.23,0.147,0.927,72.49
21,5,-64.75,39.3,0.493,0.329,73.06
22,1,-55.16,13.41,0.076,0.129,44.83
22,2,-80.0,17.1,0.897,0.474,2.63
22,3,-53.28,11.03,0.192,0.041,37.04
22,4,-80.26,8.1,0.121,0.461,8.56
22,5,-78.65,17.75,0.503,0.69,11.71
23,1,-41.95,37.23,0.061,0.277,95.37
23,2,-45.66,31.19,0.185,0.209,77.95
23,3,-56.0,17.91,0.463,0.747,18.36
23,4,-87.98,13.84,0.713,0.895,1.0
23,5,-84.11,20.66,0.533,0.242,30.58
24,1,-75.19,18.2,0.02,0.322,38.22
24,2,-83.41,36.17,0.594,0.679,42.6
24,3,-46.6,22.45,0.087,0.537,60.13
24,4,-66.26,9.47,0.284,0.363,19.83
24,5,-54.47,24.98,0.356,0.987,33.18
25,1,-84.4,10.35,0.246,0.161,18.79
25,2,-79.74,14.98,0.173,0.897,12.61
25,3,-67.43,39.38,0.112,0.398,79.25
25,4,-36.68,35.29,0.817,0.258,72.79
25,5,-38.88,24.49,0.572,0.28,52.45
26,1,-47.68,11.55,0.324,0.425,24.03
26,2,-83.68,26.37,0.289,0.581,37.86
26,3,-81.51,21.84,0.533,0.052,33.07
26,4,-86.51,39.65,0.322,0.81,54.97
26,5,-75.99,28.85,0.76,0.596,24.6
27,1,-70.81,37.53,0.831,0.965,38.23
27,2,-83.16,30.58,0.938,0.181,37.16
27,3,-58.4,34.46,0.14,0.795,65.18
27,4,-78.91,10.73,0.164,0.815,7.58
27,5,-70.26,35.7,0.392,0.817,60.31
28,1,-65.85,18.19,0.463,0.301,32.1
28,2,-77.23,36.49,0.384,0.544,64.28
28,3,-40.14,26.85,0.117,0.94,52.19
28,4,-82.34,32.79,0.62,0.533,45.9
28,5,-40.84,32.6,0.152,0.312,84.93
29,1,-88.16,24.95,0.762,0.877,8.45
29,2,-71.19,33.74,0.111,0.846,56.61
29,3,-46.15,10.25,0.229,0.722,19.55
29,4,-50.4,27.44,0.694,0.543,42.97
29,5,-80.01,36.8,0.583,0.401,52.33
30,1,-64.59,38.15,0.153,0.586,82.1
30,2,-89.0,35.52,0.932,0.565,34.84
30,3,-51.68,37.29,0.707,0.153,79.35
30,4,-66.67,30.78,0.934,0.926,31.08
30,5,-65.2,8.96,0.985,0.839,1.0
31,1,-57.48,18.97,0.055,0.335,52.45
31,2,-45.84,5.16,0.333,0.398,19.91
31,3,-70.95,17.14,0.738,0.452,15.6
31,4,-77.65,20.84,0.141,0.176,36.12
31,5,-39.68,17.68,0.581,0.632,32.14
32,1,-89.28,28.22,0.178,0.961,31.63
32,2,-85.31,39.89,0.502,0.595,53.86
32,3,-86.31,31.25,0.21,0.898,38.87
32,4,-87.99,21.52,0.565,0.066,28.82
32,5,-47.35,20.87,0.524,0.441,45.04
33,1,-81.46,11.37,0.862,0.946,1.0
33,2,-69.47,14.48,0.644,0.409,17.49
33,3,-88.51,12.77,0.231,0.672,11.37
33,4,-88.92,8.64,0.8,0.179,1.0
33,5,-84.53,13.51,0.722,0.856,1.0
34,1,-44.34,18.9,0.668,0.205,42.25
34,2,-89.28,7.99,0.208,0.027,13.51
34,3,-80.02,25.41,0.421,0.893,24.27
34,4,-75.73,18.29,0.59,0.268,27.45
34,5,-55.67,19.33,0.552,0.436,33.99
35,1,-48.0,9.9,0.868,0.487,7.28
35,2,-40.8,32.99,0.425,0.022,83.2
35,3,-55.16,14.03,0.139,0.835,20.29
35,4,-35.86,23.4,0.172,0.272,67.5
35,5,-74.93,24.4,0.651,0.83,18.11
36,1,-78.65,5.38,0.137,0.9,1.0
36,2,-56.97,28.28,0.175,0.914,52.89
36,3,-66.97,18.41,0.519,0.047,38.15
36,4,-85.45,26.11,0.245,0.389,40.23
36,5,-74.12,17.45,0.719,0.297,15.99
37,1,-53.5,37.79,0.733,0.215,79.38
37,2,-88.28,14.18,0.595,0.051,22.76
37,3,-71.62,31.98,0.107,0.075,72.79
37,4,-49.95,22.34,0.688,0.435,40.31
37,5,-46.03,29.31,0.272,0.59,61.01
38,1,-70.15,8.21,0.917,0.137,1.0
38,2,-79.82,23.97,0.873,0.732,15.39
38,3,-45.64,28.06,0.692,0.849,41.09
38,4,-77.83,39.57,0.944,0.039,55.93
38,5,-51.19,37.38,0.181,0.568,76.31
39,1,-39.16,38.99,0.944,0.474,71.37
39,2,-42.59,34.56,0.319,0.829,67.82
39,3,-77.35,9.22,0.077,0.696,8.66
39,4,-71.31,30.37,0.065,0.315,69.58
39,5,-72.47,26.91,0.886,0.616,26.19
40,1,-77.19,5.85,0.87,0.021,1.0
40,2,-38.35,32.96,0.998,0.351,61.23
40,3,-47.8,19.07,0.48,0.628,32.81
40,4,-66.83,30.82,0.239,0.11,72.65
40,5,-70.5,15.05,0.296,0.234,30.03
41,1,-68.86,28.79,0.218,0.95,43.55
41,2,-46.75,8.13,0.418,0.879,8.23
41,3,-56.26,10.85,0.991,0.232,10.06
41,4,-38.15,27.74,0.608,0.513,53.44
41,5,-77.87,11.53,0.78,0.35,1.0
42,1,-86.82,38.92,0.884,0.928,38.98
42,2,-51.72,10.39,0.816,0.224,13.12
42,3,-77.69,23.79,0.593,0.58,24.61
42,4,-41.12,38.45,0.862,0.81,59.07
42,5,-53.96,24.28,0.087,0.408,54.62
43,1,-50.21,22.36,0.081,0.22,59.48
43,2,-52.42,7.66,0.851,0.495,8.78
43,3,-44.64,17.17,0.678,0.566,25.95
43,4,-75.31,35.75,0.797,0.658,45.92
43,5,-51.64,28.8,0.619,0.753,45.94
44,1,-81.28,35.83,0.872,0.029,53.63
44,2,-71.57,31.02,0.161,0.818,51.43
44,3,-44.23,22.76,0.006,0.287,66.61
44,4,-55.25,14.09,0.634,0.54,18.18
44,5,-47.11,8.74,0.761,0.541,7.29
45,1,-55.21,37.62,0.103,0.937,71.97
45,2,-52.17,7.37,0.301,0.708,12.33
45,3,-70.98,26.73,0.046,0.872,42.71
45,4,-36.46,38.91,0.75,0.13,88.55
45,5,-52.42,20.61,0.274,0.997,31.67
46,1,-66.56,20.8,0.164,0.795,30.47
46,2,-85.47,28.82,0.655,0.273,40.56
46,3,-37.7,10.29,0.432,0.944,20.7
46,4,-68.13,14.6,0.984,0.409,2.17
46,5,-40.82,13.05,0.213,0.031,44.76
47,1,-42.46,21.56,0.968,0.186,42.54
47,2,-42.23,32.18,0.771,0.845,50.93
47,3,-82.78,6.14,0.921,0.617,1.0
47,4,-46.19,21.85,0.117,0.125,61.93
47,5,-78.97,22.21,0.064,0.582,43.85
48,1,-75.21,32.91,0.31,0.455,56.18
48,2,-57.0,15.21,0.695,0.86,2.29
48,3,-47.11,6.39,0.481,0.105,22.17
48,4,-56.0,29.59,0.56,0.01,60.66
48,5,-72.04,23.12,0.088,0.351,45.81
49,1,-58.79,29.13,0.801,0.2,49.01
49,2,-80.79,8.66,0.636,0.706,1.0
49,3,-51.0,35.48,0.714,0.802,52.06
49,4,-71.33,33.52,0.08,0.895,60.55
49,5,-65.12,27.53,0.526,0.732,39.0
50,1,-85.51,7.11,0.247,0.16,9.11
50,2,-36.33,16.79,0.182,0.79,41.49
50,3,-53.77,22.44,0.555,0.719,33.46
50,4,-79.03,28.81,0.072,0.031,65.53
50,5,-75.83,21.19,0.868,0.727,8.79
51,1,-70.97,17.99,0.988,0.04,24.58
51,2,-42.31,25.25,0.439,0.725,51.3
51,3,-40.46,19.76,0.277,0.592,46.06
51,4,-39.82,12.37,0.623,0.632,18.48
51,5,-50.63,36.82,0.18,0.238,88.18
52,1,-36.57,11.33,0.854,0.492,18.07
52,2,-65.51,23.02,0.359,0.593,36.57
52,3,-81.01,18.69,0.969,0.258,7.45
52,4,-47.46,9.58,0.97,0.454,8.47
52,5,-77.02,7.57,0.17,0.52,11.54
53,1,-66.3,13.7,0.617,0.707,6.59
53,2,-80.81,10.87,0.037,0.736,10.85
53,3,-43.57,33.2,0.585,0.868,61.57
53,4,-78.68,8.92,0.27,0.057,21.16
53,5,-87.84,9.27,0.452,0.934,1.0
54,1,-72.61,22.75,0.042,0.148,56.99
54,2,-64.99,23.05,0.489,0.667,33.3
54,3,-82.32,6.05,0.308,0.705,1.0
54,4,-36.65,8.29,0.673,0.444,13.81
54,5,-42.25,11.2,0.693,0.838,9.99
55,1,-62.66,26.62,0.869,0.571,32.68
55,2,-88.33,37.58,0.69,0.677,45.32
55,3,-68.34,27.79,0.107,0.658,48.34
55,4,-35.03,6.69,0.977,0.407,7.33
55,5,-58.81,30.85,0.879,0.404,47.09
56,1,-72.01,28.37,0.808,0.762,26.54
56,2,-45.02,9.21,0.544,0.006,33.55
56,3,-72.15,17.83,0.396,0.695,17.33
56,4,-76.94,18.06,0.227,0.073,32.55
56,5,-56.81,28.39,0.619,0.463,51.14
57,1,-61.45,21.77,0.026,0.341,52.54
57,2,-69.09,18.96,0.58,0.534,26.78
57,3,-45.29,30.13,0.956,0.018,60.2
57,4,-79.23,5.26,0.647,0.898,1.0
57,5,-86.69,37.71,0.352,0.101,68.8
58,1,-63.28,13.99,0.285,0.307,30.65
58,2,-72.88,26.36,0.716,0.273,42.16
58,3,-67.25,9.27,0.181,0.681,12.76
58,4,-51.0,8.74,0.567,0.257,14.54
58,5,-37.04,21.92,0.806,0.55,37.77
59,1,-37.67,26.06,0.819,0.884,35.31
59,2,-77.46,12.42,0.611,0.411,3.78
59,3,-47.07,14.62,0.823,0.424,18.35
59,4,-53.28,8.34,0.624,0.452,6.47
59,5,-49.47,35.2,0.217,0.096,87.69
60,1,-88.7,27.47,0.607,0.547,27.04
60,2,-57.3,22.39,0.988,0.136,28.97
60,3,-51.77,19.15,0.428,0.718,33.34
60,4,-74.92,7.78,0.086,0.894,8.06
60,5,-79.45,16.32,0.227,0.355,27.34
61,1,-86.28,33.01,0.234,0.54,50.06
61,2,-41.6,27.78,0.533,0.324,64.35
61,3,-35.32,28.16,0.558,0.731,50.04
61,4,-64.41,7.1,0.562,0.958,1.0
61,5,-78.95,23.75,0.097,0.45,41.11
62,1,-48.41,17.17,0.665,0.795,17.01
62,2,-35.41,37.45,0.54,0.842,68.98
62,3,-61.35,26.83,0.089,0.755,51.82
62,4,-46.99,29.81,0.036,0.303,77.0
62,5,-75.53,17.6,0.088,0.937,15.88
63,1,-68.17,20.65,0.601,0.516,27.84
63,2,-39.43,22.39,0.992,0.851,24.27
63,3,-69.07,35.73,0.868,0.806,40.44
63,4,-46.55,15.66,0.081,0.403,47.16
63,5,-70.96,39.15,0.641,0.822,50.32
64,1,-82.71,35.17,0.923,0.487,43.3
64,2,-80.38,22.59,0.399,0.146,41.04
64,3,-69.79,7.39,0.026,0.135,25.9
64,4,-36.88,20.14,0.312,0.506,51.42
64,5,-65.83,8.7,0.641,0.216,14.45
65,1,-81.64,7.15,0.781,0.46,1.0
65,2,-86.8,39.82,0.058,0.695,65.29
65,3,-51.93,7.18,0.509,0.997,1.0
65,4,-45.23,26.53,0.306,0.624,48.0
65,5,-82.81,36.03,0.45,0.195,65.1
66,1,-69.77,19.49,0.828,0.734,9.21
66,2,-88.94,14.09,0.76,0.137,1.0
66,3,-60.56,12.53,0.012,0.241,38.35
66,4,-83.96,24.18,0.454,0.844,23.37
66,5,-84.61,22.09,0.15,0.325,38.74
67,1,-69.33,18.81,0.459,0.785,24.68
67,2,-40.94,38.44,0.787,0.315,73.1
67,3,-75.99,34.43,0.038,0.902,62.65
67,4,-64.62,27.3,0.659,0.895,34.04
67,5,-86.33,23.14,0.15,0.737,34.87
68,1,-61.83,28.81,0.042,0.085,72.24
68,2,-86.08,5.42,0.957,0.738,1.0
68,3,-70.57,15.38,0.35,0.775,12.47
68,4,-80.42,8.44,0.66,0.764,1.0
68,5,-75.42,5.73,0.082,0.968,1.0
69,1,-55.64,18.37,0.206,0.121,47.44
69,2,-56.17,32.11,0.644,0.53,51.63
69,3,-36.1,26.07,0.582,0.748,50.69
69,4,-45.35,27.98,0.128,0.338,67.84
69,5,-65.83,26.45,0.943,0.241,29.78
70,1,-83.32,11.91,0.887,0.646,1.0
70,2,-42.62,34.63,0.919,0.252,62.32
70,3,-48.47,21.12,0.842,0.728,26.52
70,4,-80.24,24.08,0.985,0.937,8.58
70,5,-87.63,10.77,0.132,0.726,4.04
71,1,-62.18,34.42,0.733,0.542,53.98
71,2,-57.53,22.79,0.298,0.565,46.03
71,3,-55.0,31.64,0.16,0.462,70.58
71,4,-89.49,13.63,0.726,0.992,1.0
71,5,-46.0,12.14,0.555,0.733,13.75
72,1,-56.12,11.58,0.355,0.784,14.44
72,2,-48.15,6.24,0.746,0.202,11.01
72,3,-37.31,17.88,0.327,0.149,55.74
72,4,-35.2,17.89,0.449,0.722,35.55
72,5,-41.26,25.76,0.392,0.413,54.25
73,1,-46.32,8.25,0.588,0.481,17.47
73,2,-54.67,7.27,0.58,0.561,11.95
73,3,-52.79,33.17,0.27,0.825,64.86
73,4,-62.6,7.7,0.059,0.334,26.07
73,5,-46.63,23.1,0.44,0.147,58.87
74,1,-71.95,20.19,0.089,0.221,50.77
74,2,-35.09,37.66,0.643,0.421,79.86
74,3,-55.01,32.5,0.118,0.41,72.58
74,4,-58.55,25.57,0.184,0.362,60.55
74,5,-71.6,5.92,0.024,0.832,4.94
75,1,-73.57,37.92,0.259,0.43,65.24
75,2,-42.0,34.47,0.186,0.803,68.78
75,3,-82.66,7.82,0.728,0.496,1.0
75,4,-65.97,30.53,0.766,0.159,48.15
75,5,-48.67,27.99,0.957,0.069,52.13
76,1,-86.86,14.88,0.262,0.247,21.62
76,2,-75.04,31.58,0.45,0.777,43.83
76,3,-86.4,22.06,0.034,0.063,41.08
76,4,-70.9,36.49,0.022,0.664,72.94
76,5,-37.01,24.61,0.937,0.052,46.61
77,1,-49.8,39.35,0.257,0.654,78.15
77,2,-79.1,24.79,0.464,0.972,16.96
77,3,-83.72,10.29,0.225,0.251,19.19
77,4,-43.22,24.64,0.523,0.115,60.39
77,5,-86.28,29.77,0.544,0.082,50.14
78,1,-64.79,21.96,0.166,0.946,34.23
78,2,-64.57,19.41,0.651,0.545,26.08
78,3,-86.57,22.94,0.806,0.459,14.98
78,4,-80.94,16.56,0.757,0.519,4.56
78,5,-78.73,35.72,0.88,0.871,33.05
79,1,-35.83,32.02,0.027,0.065,88.99
79,2,-64.48,36.82,0.539,0.498,63.69
79,3,-44.78,18.31,0.776,0.964,14.6
79,4,-78.79,23.32,0.287,0.793,34.42
79,5,-46.11,18.86,0.915,0.533,27.12
80,1,-81.31,29.36,0.793,0.317,35.34
80,2,-79.87,36.29,0.654,0.152,58.0
80,3,-65.78,26.54,0.083,0.882,45.69
80,4,-36.81,19.62,0.984,0.668,28.85
80,5,-55.09,10.81,0.882,0.427,10.49
81,1,-50.44,36.16,0.079,0.731,84.2
81,2,-79.69,35.04,0.819,0.541,39.11
81,3,-64.09,33.76,0.459,0.358,66.17
81,4,-62.82,33.99,0.335,0.174,74.69
81,5,-84.46,13.4,0.142,0.348,23.24
82,1,-65.23,31.21,0.651,0.621,47.74
82,2,-64.08,39.27,0.634,0.126,73.02
82,3,-52.81,16.38,0.686,0.07,34.87
82,4,-77.51,34.3,0.279,0.643,54.61
82,5,-51.82,22.94,0.305,0.213,57.04
83,1,-42.08,31.81,0.788,0.665,52.84
83,2,-75.68,36.75,0.671,0.56,51.13
83,3,-64.68,35.26,0.547,0.38,59.35
83,4,-36.28,8.88,0.423,0.042,36.88
83,5,-74.6,35.04,0.292,0.911,51.82
84,1,-48.53,33.17,0.018,0.963,64.66
84,2,-44.38,14.85,0.873,0.113,31.78
84,3,-51.3,23.92,0.097,0.242,63.2
84,4,-73.43,25.94,0.297,0.3,47.85
84,5,-49.12,6.68,0.903,0.852,1.0
85,1,-40.92,11.49,0.079,0.24,49.29
85,2,-46.3,6.21,0.583,0.995,1.0
85,3,-86.5,34.1,0.599,0.115,57.59
85,4,-84.84,36.84,0.669,0.829,41.02
85,5,-61.54,20.06,0.317,0.435,41.99
86,1,-47.44,26.07,0.893,0.443,45.39
86,2,-57.46,29.59,0.237,0.512,64.47
86,3,-84.27,18.46,0.488,0.652,14.22
86,4,-49.1,22.72,0.634,0.071,51.75
86,5,-76.01,17.66,0.472,0.046,30.72
87,1,-36.57,16.6,0.482,0.196,43.47
87,2,-56.41,14.82,0.207,0.517,31.39
87,3,-45.86,25.02,0.513,0.293,52.14
87,4,-38.75,18.9,0.087,0.617,49.42
87,5,-62.09,35.6,0.494,0.702,55.4
88,1,-35.4,9.6,0.275,0.395,27.99
88,2,-40.08,29.99,0.608,0.309,59.22
88,3,-44.69,38.43,0.821,0.002,78.38
88,4,-75.83,7.08,0.604,0.687,1.0
88,5,-83.7,18.43,0.456,0.369,21.47
89,1,-48.69,7.49,0.08,0.355,26.39
89,2,-38.21,28.4,0.679,0.362,57.99
89,3,-55.01,36.97,0.613,0.874,56.26
89,4,-50.18,9.22,0.902,0.066,11.18
89,5,-89.36,19.77,0.295,0.486,24.19
90,1,-58.25,6.53,0.123,0.559,20.08
90,2,-54.12,34.6,0.692,0.43,58.01
90,3,-52.99,14.64,0.306,0.789,28.05
90,4,-44.77,35.01,0.917,0.431,58.62
90,5,-72.46,25.38,0.371,0.601,41.46
91,1,-69.4,10.84,0.431,0.143,23.88
91,2,-41.04,17.11,0.154,0.025,62.35
91,3,-71.27,7.51,0.41,0.311,13.5
91,4,-52.76,26.2,0.365,0.218,59.56
91,5,-52.14,9.92,0.486,0.028,29.35
92,1,-62.2,38.74,0.384,0.039,83.62
92,2,-81.2,5.82,0.756,0.459,1.0
92,3,-74.09,36.5,0.116,0.956,60.67
92,4,-56.84,33.93,0.984,0.288,51.72
92,5,-37.14,18.63,0.386,0.34,45.04
93,1,-59.55,23.96,0.762,0.834,24.88
93,2,-65.78,15.58,0.259,0.195,35.13
93,3,-75.14,38.82,0.558,0.347,63.25
93,4,-58.07,9.87,0.444,0.626,4.14
93,5,-35.34,35.81,0.623,0.569,70.16
94,1,-55.86,12.05,0.395,0.039,41.25
94,2,-77.47,38.74,0.909,0.722,38.9
94,3,-60.66,35.45,0.131,0.791,67.69
94,4,-74.83,35.7,0.944,0.149,50.91
94,5,-64.55,39.33,0.483,0.864,54.98
95,1,-74.28,12.11,0.762,0.387,8.35
95,2,-61.88,22.23,0.577,0.866,24.4
95,3,-44.49,31.76,0.574,0.956,51.02
95,4,-78.97,8.82,0.854,0.439,1.0
95,5,-55.54,37.42,0.019,0.477,75.76
96,1,-52.18,30.29,0.693,0.134,57.45
96,2,-45.76,14.76,0.211,0.957,22.24
96,3,-89.51,39.92,0.677,0.828,46.25
96,4,-49.27,10.0,0.753,0.769,5.09
96,5,-53.78,31.81,0.846,0.614,45.94
97,1,-85.73,19.26,0.407,0.066,29.15
97,2,-70.81,8.88,0.808,0.948,1.0
97,3,-85.77,22.52,0.795,0.707,11.28
97,4,-87.24,7.55,0.403,0.295,1.0
97,5,-45.81,37.52,0.405,0.906,64.52
98,1,-72.32,21.68,0.226,0.64,34.58
98,2,-70.32,27.67,0.123,0.889,45.12
98,3,-62.33,20.73,0.586,0.625,27.72
98,4,-76.69,29.99,0.823,0.804,25.38
98,5,-59.61,23.21,0.143,0.775,42.86
99,1,-74.36,9.68,0.63,0.054,6.63
99,2,-48.82,16.12,0.0,0.511,44.05
99,3,-43.84,5.13,0.247,0.741,12.89
99,4,-72.61,8.57,0.36,0.27,11.83
99,5,-46.61,36.22,0.434,0.91,65.99
100,1,-69.25,38.74,0.089,0.687,65.69
100,2,-55.2,29.63,0.004,0.167,76.96
100,3,-50.78,28.32,0.966,0.761,33.51
100,4,-73.61,8.69,0.782,0.644,1.0
100,5,-87.35,17.6,0.957,0.5,1.0
101,1,-78.51,17.9,0.37,0.052,27.26
101,2,-47.78,19.58,0.822,0.85,21.21
101,3,-64.02,35.81,0.216,0.678,62.76
101,4,-56.57,15.34,0.137,0.652,29.39
101,5,-54.53,18.83,0.713,0.199,37.39
102,1,-41.04,15.06,0.368,0.058,47.24
102,2,-75.28,34.24,0.015,0.379,67.92
102,3,-71.45,5.68,0.124,0.414,3.87
102,4,-60.8,25.83,0.01,0.464,58.79
102,5,-37.01,23.17,0.678,0.312,51.85
103,1,-61.33,39.16,0.126,0.017,95.62
103,2,-47.64,33.25,0.12,0.266,82.74
103,3,-70.85,18.01,0.001,0.3,47.71
103,4,-54.44,39.1,0.847,0.024,75.49
103,5,-47.08,21.03,0.398,0.303,49.74
104,1,-86.39,12.99,0.247,0.484,12.76
104,2,-86.82,38.52,0.943,0.785,40.71
104,3,-35.48,24.06,0.963,0.076,45.82
104,4,-79.23,9.93,0.622,0.781,1.0
104,5,-58.19,10.14,0.811,0.636,5.7
105,1,-75.71,17.08,0.917,0.291,8.48
105,2,-64.15,36.15,0.708,0.062,64.94
105,3,-82.61,38.53,0.53,0.242,70.08
105,4,-62.47,28.79,0.076,0.275,66.64
105,5,-59.94,20.15,0.044,0.166,58.99
106,1,-65.5,12.32,0.05,0.844,18.02
106,2,-37.17,11.89,0.951,0.995,3.55
106,3,-50.86,39.34,0.57,0.26,85.75
106,4,-85.98,26.78,0.981,0.19,22.3
106,5,-46.41,36.78,0.944,0.96,49.31
107,1,-48.35,10.66,0.477,0.718,14.94
107,2,-76.4,27.42,0.667,0.163,47.03
107,3,-62.56,5.42,0.009,0.357,21.44
107,4,-39.06,13.0,0.634,0.222,34.54
107,5,-49.91,8.34,0.429,0.029,26.78
108,1,-63.55,28.19,0.119,0.289,66.05
108,2,-35.37,6.57,0.761,0.372,12.79
108,3,-68.41,31.4,0.918,0.951,21.67
108,4,-46.68,13.79,0.564,0.359,31.36
108,5,-53.89,13.41,0.192,0.918,21.22
109,1,-77.85,6.36,0.036,0.175,15.48
109,2,-42.33,14.89,0.95,0.582,21.48
109,3,-61.58,31.56,0.282,0.353,60.33
109,4,-40.82,38.13,0.893,0.419,68.19
109,5,-62.64,12.16,0.591,0.186,25.16
110,1,-71.76,34.93,0.207,0.071,68.17
110,2,-45.4,34.25,0.332,0.694,69.1
110,3,-47.59,27.91,0.152,0.876,50.25
110,4,-66.61,6.31,0.128,0.766,7.31
110,5,-90.0,19.58,0.523,0.055,23.86
111,1,-77.33,5.05,0.729,0.967,1.0
111,2,-77.66,28.21,0.742,0.848,18.94
111,3,-72.11,29.94,0.817,0.182,42.75
111,4,-69.6,36.57,0.807,0.985,37.72
111,5,-57.51,28.14,0.078,0.544,65.81
112,1,-50.99,10.86,0.781,0.584,10.16
112,2,-73.69,30.0,0.759,0.103,43.32
112,3,-61.74,22.81,0.369,0.933,31.96
112,4,-50.71,21.16,0.921,0.695,24.63
112,5,-49.91,35.16,0.274,0.807,65.29
113,1,-71.54,39.25,0.857,0.701,46.2
113,2,-50.01,24.67,0.947,0.496,30.24
113,3,-46.76,30.71,0.384,0.025,74.71
113,4,-43.86,5.4,0.704,0.97,1.0
113,5,-51.23,33.6,0.546,0.967,49.94
114,1,-87.16,22.67,0.718,0.863,10.11
114,2,-59.6,18.88,0.132,0.865,30.8
114,3,-81.35,15.84,0.29,0.871,13.7
114,4,-76.22,26.87,0.572,0.833,29.51
114,5,-40.17,5.43,0.674,0.052,13.92
115,1,-73.13,17.35,0.621,0.334,22.38
115,2,-49.7,19.16,0.068,0.784,40.21
115,3,-52.3,16.64,0.057,0.374,40.95
115,4,-38.06,27.46,0.671,0.632,48.86
115,5,-48.7,8.55,0.278,0.276,23.53
116,1,-66.24,39.31,0.068,0.519,79.82
116,2,-49.42,29.66,0.423,0.347,60.49
116,3,-68.13,14.25,0.205,0.483,23.43
116,4,-53.88,38.9,0.604,0.077,77.81
116,5,-85.84,38.3,0.297,0.092,77.48
117,1,-54.33,14.36,0.015,0.965,30.99
117,2,-76.2,28.66,0.707,0.61,29.4
117,3,-57.13,35.31,0.947,0.106,58.26
117,4,-81.48,38.07,0.737,0.883,42.39
117,5,-51.44,28.8,0.408,0.015,65.28
118,1,-57.94,13.86,0.45,0.958,14.67
118,2,-79.63,28.54,0.977,0.102,34.4
118,3,-89.54,20.18,0.093,0.748,23.7
118,4,-75.77,20.2,0.723,0.009,33.07
118,5,-57.58,26.47,0.638,0.242,47.45
119,1,-79.04,35.71,0.739,0.014,60.19
119,2,-76.34,12.5,0.271,0.248,22.32
119,3,-49.7,26.24,0.673,0.081,53.26
119,4,-37.67,34.35,0.805,0.823,55.36
119,5,-78.98,26.59,0.743,0.738,25.18
120,1,-61.32,7.4,0.371,0.921,3.2
120,2,-75.21,17.9,0.895,0.666,11.75
120,3,-46.69,20.9,0.63,0.248,41.52
120,4,-65.66,27.73,0.936,0.064,48.09
120,5,-44.64,15.23,0.444,0.022,44.36
121,1,-86.91,22.19,0.927,0.105,14.71
121,2,-47.96,19.34,0.655,0.26,37.7
121,3,-86.12,11.5,0.664,0.882,1.0
121,4,-45.22,28.98,0.11,0.289,71.55
121,5,-61.67,23.74,0.357,0.354,44.62
122,1,-44.43,32.63,0.308,0.914,60.58
122,2,-70.51,22.7,0.941,0.876,10.98
122,3,-84.36,18.75,0.553,0.503,17.23
122,4,-52.77,34.33,0.859,0.748,46.86
122,5,-65.84,26.37,0.16,0.674,49.83
123,1,-77.37,9.11,0.165,0.002,21.78
123,2,-50.47,30.63,0.515,0.161,64.42
123,3,-84.21,12.78,0.519,0.608,1.0
123,4,-76.51,7.02,0.391,0.234,11.27
123,5,-67.13,20.01,0.541,0.696,29.09
124,1,-51.38,11.01,0.5,0.412,22.01
124,2,-60.71,9.04,0.606,0.117,19.4
124,3,-71.45,10.0,0.692,0.206,10.93
124,4,-78.76,22.77,0.419,0.018,42.43
124,5,-46.4,7.42,0.474,0.561,17.78
125,1,-76.07,5.35,0.723,0.536,1.0
125,2,-44.01,33.75,0.843,0.485,61.35
125,3,-65.18,11.42,0.855,0.883,1.0
125,4,-64.35,7.65,0.388,0.804,1.27
125,5,-86.32,35.71,0.389,0.542,53.2
126,1,-36.76,7.33,0.648,0.074,28.58
126,2,-66.16,39.9,0.559,0.321,70.45
126,3,-77.89,17.27,0.373,0.069,30.88
126,4,-50.25,27.99,0.709,0.008,52.76
126,5,-78.03,28.16,0.484,0.005,54.45
127,1,-59.84,7.33,0.767,0.584,1.0
127,2,-46.99,31.31,0.803,0.518,53.32
127,3,-55.87,30.98,0.17,0.195,71.47
127,4,-41.03,31.25,0.908,0.759,50.87
127,5,-41.1,25.26,0.632,0.156,60.3
128,1,-63.93,30.07,0.271,0.202,61.73
128,2,-78.18,19.87,0.908,0.507,8.38
128,3,-79.66,7.69,0.696,0.383,1.0
128,4,-46.21,14.52,0.692,0.264,31.65
128,5,-38.35,27.27,0.325,0.27,70.69
129,1,-77.97,25.84,0.265,0.662,35.35
129,2,-45.18,32.23,0.761,0.188,65.14
129,3,-69.74,20.13,0.031,0.26,46.35
129,4,-88.15,35.77,0.243,0.557,56.52
129,5,-72.23,36.43,0.888,0.325,51.17
130,1,-40.45,39.87,0.825,0.845,65.03
130,2,-86.3,8.32,0.999,0.327,1.0
130,3,-48.85,33.23,0.858,0.998,38.31
130,4,-88.77,17.61,0.784,0.566,2.45
130,5,-72.8,27.9,0.232,0.014,63.95
131,1,-48.07,6.36,0.837,0.62,2.07
131,2,-59.01,26.86,0.864,0.587,34.04
131,3,-48.38,20.48,0.707,0.389,35.89
131,4,-77.41,25.89,0.928,0.929,13.1
131,5,-78.36,39.85,0.981,0.65,38.54
132,1,-45.76,30.03,0.593,0.053,73.91
132,2,-52.74,18.06,0.942,0.167,25.8
132,3,-62.48,29.18,0.697,0.649,37.76
132,4,-55.02,25.98,0.179,0.705,49.97
132,5,-64.97,28.37,0.837,0.17,49.56
133,1,-43.9,33.1,0.961,0.536,54.58
133,2,-63.13,19.07,0.154,0.573,38.8
133,3,-57.92,25.75,0.355,0.052,59.98
133,4,-88.25,19.82,0.085,0.607,24.41
133,5,-42.54,36.01,0.197,0.737,78.29
134,1,-74.24,33.09,0.997,0.03,49.16
134,2,-36.46,21.28,0.847,0.062,49.8
134,3,-71.56,7.35,0.975,0.817,1.0
134,4,-86.09,12.38,0.229,0.469,10.86
134,5,-75.23,8.53,0.167,0.147,20.56
135,1,-74.69,32.94,0.326,0.299,62.7
135,2,-77.21,9.54,0.256,0.355,12.53
135,3,-78.42,33.32,0.147,0.343,64.99
135,4,-42.44,10.42,0.083,0.485,36.75
135,5,-45.79,9.8,0.581,0.506,11.29
136,1,-82.08,26.84,0.274,0.488,42.0
136,2,-73.14,33.78,0.057,0.419,66.32
136,3,-64.79,30.38,0.574,0.667,45.89
136,4,-72.74,23.83,0.84,0.989,12.46
136,5,-41.08,18.0,0.195,0.489,47.22
137,1,-63.43,34.34,0.361,0.86,59.74
137,2,-67.63,16.49,0.454,0.762,15.75
137,3,-37.67,11.14,0.568,0.579,21.03
137,4,-63.07,27.57,0.23,0.553,57.32
137,5,-82.23,24.98,0.185,0.279,42.82
138,1,-77.97,11.4,0.826,0.286,1.0
138,2,-69.4,32.92,0.367,0.087,68.61
138,3,-59.38,34.58,0.796,0.175,57.91
138,4,-78.0,35.59,0.25,0.263,70.16
138,5,-89.96,35.47,0.793,0.627,34.59
139,1,-64.79,17.29,0.094,0.486,38.6
139,2,-39.36,6.4,0.291,0.208,30.07
139,3,-64.26,21.32,0.761,0.154,33.27
139,4,-63.2,20.05,0.597,1.0,14.02
139,5,-44.48,10.97,0.03,0.204,47.85
140,1,-71.28,22.87,0.615,0.911,20.41
140,2,-87.24,6.22,0.551,0.438,3.11
140,3,-43.85,10.62,0.025,0.449,35.64
140,4,-56.54,14.84,0.173,0.38,37.69
140,5,-45.92,18.72,0.751,0.125,36.63
141,1,-52.74,24.8,0.929,0.387,37.95
141,2,-86.36,5.67,0.827,0.525,1.0
141,3,-71.02,6.05,0.961,0.668,1.0
141,4,-38.67,14.29,0.611,0.678,26.55
141,5,-37.91,35.97,0.739,0.277,72.51
142,1,-74.51,38.72,0.01,0.716,74.6
142,2,-35.54,15.92,0.34,0.079,56.3
142,3,-65.65,14.14,0.343,0.835,16.21
142,4,-86.6,8.23,0.163,0.595,2.83
142,5,-81.72,38.88,0.447,0.502,60.4
143,1,-53.59,31.29,0.754,0.578,43.83
143,2,-40.26,33.61,0.757,0.056,70.14
143,3,-67.87,35.96,0.896,0.909,43.63
143,4,-72.74,29.19,0.272,0.191,57.5
143,5,-66.35,34.08,0.12,0.735,59.85
144,1,-60.77,15.08,0.493,0.3,23.38
144,2,-80.96,9.08,0.547,0.902,1.0
144,3,-71.08,30.66,0.659,0.932,33.51
144,4,-53.86,36.44,0.4,0.327,79.62
144,5,-89.41,33.93,0.801,0.104,43.12
145,1,-83.47,39.32,0.215,0.067,86.02
145,2,-57.28,30.86,0.032,0.659,62.78
145,3,-80.51,24.88,0.296,0.938,27.39
145,4,-44.97,39.42,0.26,0.97,68.61
145,5,-87.23,6.85,0.692,0.458,1.0
146,1,-77.54,26.49,0.253,0.578,45.43
146,2,-44.86,21.71,0.351,0.363,49.98
146,3,-45.69,16.49,0.209,0.085,47.18
146,4,-43.75,12.74,0.381,0.808,13.48
146,5,-44.7,18.46,0.459,0.303,43.79
147,1,-60.76,6.14,0.476,0.408,8.79
147,2,-81.13,27.97,0.971,0.562,21.17
147,3,-67.03,9.07,0.613,0.938,1.0
147,4,-53.6,7.69,0.355,0.551,17.65
147,5,-45.19,26.41,0.373,0.255,61.64
148,1,-84.18,17.42,0.413,0.676,11.8
148,2,-68.26,11.36,0.157,0.827,13.82
148,3,-87.69,19.67,0.168,0.879,13.92
148,4,-62.37,30.6,0.958,0.22,46.73
148,5,-41.26,37.7,0.916,0.635,57.59
149,1,-48.62,23.6,0.677,0.428,46.95
149,2,-49.77,33.86,0.146,0.833,71.21
149,3,-66.28,18.27,0.915,0.251,20.08
149,4,-43.57,21.94,0.514,0.308,43.51
149,5,-87.84,14.52,0.006,0.978,12.75
150,1,-36.88,18.83,0.728,0.346,41.85
150,2,-37.93,19.01,0.783,0.266,40.65
150,3,-35.53,5.9,0.604,0.66,7.26
150,4,-38.38,11.34,0.623,0.223,30.33
150,5,-73.1,24.13,0.417,0.16,44.28
151,1,-48.35,36.43,0.084,0.393,82.7
151,2,-84.49,5.58,0.662,0.602,1.0
151,3,-88.7,34.22,0.975,0.135,39.63
151,4,-77.27,35.39,0.926,0.42,38.14
151,5,-88.42,25.41,0.011,0.787,40.55
152,1,-73.15,6.41,0.588,0.398,1.0
152,2,-74.86,29.83,0.271,0.904,42.81
152,3,-69.39,24.25,0.051,0.426,52.92
152,4,-77.66,12.91,0.817,0.93,1.0
152,5,-84.76,20.75,0.337,0.871,8.51
153,1,-71.61,18.81,0.53,0.161,30.76
153,2,-58.54,33.19,0.76,0.154,59.08
153,3,-70.14,19.3,0.68,0.057,29.63
153,4,-88.09,18.72,0.697,0.193,13.69
153,5,-41.27,36.35,0.297,0.23,89.73
154,1,-67.38,13.42,0.672,0.826,5.26
154,2,-68.17,10.47,0.738,0.36,7.28
154,3,-53.08,14.47,0.081,0.993,27.83
154,4,-42.36,15.13,0.468,0.619,35.05
154,5,-67.38,19.96,0.33,0.564,31.1
155,1,-38.61,29.12,0.823,0.556,51.64
155,2,-47.13,5.57,0.818,0.04,9.16
155,3,-47.91,13.86,0.866,0.103,23.19
155,4,-83.07,39.27,0.674,0.847,49.17
155,5,-57.32,26.11,0.683,0.575,35.17
156,1,-66.4,14.66,0.769,0.226,14.25
156,2,-55.61,31.15,0.219,0.06,78.7
156,3,-82.8,26.21,0.849,0.045,31.87
156,4,-63.68,37.51,0.332,0.465,75.34
156,5,-89.25,7.86,0.259,0.028,9.42
157,1,-59.85,11.11,0.296,0.664,22.56
157,2,-36.91,6.76,0.89,0.577,3.98
157,3,-86.18,8.15,0.601,0.341,5.25
157,4,-39.55,19.23,0.143,0.715,47.21
157,5,-51.62,36.51,0.792,0.676,50.96
158,1,-52.62,38.11,0.296,0.001,88.36
158,2,-53.6,27.18,0.593,0.016,57.21
158,3,-49.92,16.32,0.665,0.557,21.19
158,4,-84.81,34.1,0.918,0.65,30.87
158,5,-84.31,19.07,0.729,0.78,1.87
159,1,-76.0,5.45,0.54,0.851,1.0
159,2,-37.33,24.8,0.514,0.085,56.92
159,3,-56.61,18.61,0.24,0.095,51.95
159,4,-72.68,8.38,0.177,0.987,4.69
159,5,-41.95,39.84,0.583,0.812,63.46
160,1,-72.02,15.7,0.403,0.673,13.04
160,2,-82.67,27.13,0.128,0.578,48.03
160,3,-51.86,29.52,0.753,0.873,43.97
160,4,-55.95,11.53,0.026,0.285,37.21
160,5,-65.63,26.6,0.85,0.196,39.81
161,1,-57.79,23.95,0.086,0.057,62.05
161,2,-84.2,25.5,0.544,0.234,40.03
161,3,-87.71,22.43,0.689,0.252,25.45
161,4,-73.07,26.48,0.898,0.81,24.0
161,5,-69.93,27.43,0.466,0.19,52.89
162,1,-51.4,24.48,0.359,0.911,36.63
162,2,-52.84,18.86,0.756,0.454,30.94
162,3,-67.32,37.72,0.251,0.12,82.52
162,4,-69.22,7.17,0.339,0.506,7.14
162,5,-81.09,28.03,0.998,0.452,20.83
163,1,-83.67,35.91,0.415,0.387,52.81
163,2,-53.72,20.47,0.648,0.061,44.3
163,3,-81.67,21.71,0.602,0.582,20.38
163,4,-67.92,16.83,0.127,0.392,37.63
163,5,-78.51,7.05,0.552,0.595,1.0
164,1,-42.04,25.19,0.345,0.803,46.48
164,2,-58.88,36.78,0.396,0.296,75.06
164,3,-82.11,10.3,0.433,0.596,3.19
164,4,-44.44,7.81,0.477,0.63,17.8
164,5,-44.42,32.42,0.277,0.941,62.1
165,1,-58.06,37.76,0.672,0.481,56.69
165,2,-45.47,38.27,0.022,0.983,76.55
165,3,-65.81,27.54,0.381,0.055,58.17
165,4,-57.03,36.58,0.383,0.216,75.93
165,5,-44.87,33.92,0.588,0.353,68.71
166,1,-46.01,24.41,0.826,0.631,36.66
166,2,-67.22,38.53,0.541,0.605,66.12
166,3,-77.87,26.9,0.572,0.185,43.53
166,4,-48.0,23.32,0.227,0.667,47.33
166,5,-85.59,20.46,0.163,0.184,37.19
167,1,-87.19,18.92,0.512,0.483,13.05
167,2,-68.95,34.37,0.145,0.506,72.35
167,3,-41.71,24.53,0.96,0.049,53.88
167,4,-84.61,6.54,0.185,0.541,1.0
167,5,-37.97,34.48,0.297,0.077,89.53
168,1,-80.66,9.44,0.123,0.519,9.74
168,2,-35.58,28.95,0.949,0.143,54.23
168,3,-68.98,24.42,0.077,0.004,65.39
168,4,-67.41,22.14,0.415,0.024,51.67
168,5,-71.55,11.2,0.098,0.957,14.34
169,1,-72.65,18.76,0.237,0.097,43.66
169,2,-80.15,32.91,0.678,0.547,44.2
169,3,-86.0,14.82,0.35,0.782,6.44
169,4,-35.41,13.42,0.874,0.831,10.64
169,5,-67.47,39.24,0.181,0.799,65.22
170,1,-71.62,30.58,0.42,0.578,49.6
170,2,-42.35,7.09,0.692,0.14,20.16
170,3,-67.13,24.2,0.403,0.52,36.87
170,4,-82.68,10.56,0.949,0.88,1.0
170,5,-40.11,39.7,0.208,0.355,93.62
171,1,-66.99,17.52,0.594,0.576,25.55
171,2,-81.12,21.51,0.553,0.57,23.64
171,3,-88.61,17.42,0.78,0.564,1.0
171,4,-75.64,29.32,0.567,0.796,35.96
171,5,-63.15,9.66,0.261,0.419,23.83
172,1,-57.04,22.98,0.288,0.006,53.11
172,2,-49.6,5.84,0.585,0.941,1.0
172,3,-80.41,21.51,0.091,0.626,27.86
172,4,-61.32,36.38,0.196,0.023,89.23
172,5,-42.61,25.2,0.891,0.597,36.56
173,1,-48.76,36.96,0.572,0.181,81.79
173,2,-75.22,11.95,0.247,0.306,27.61
173,3,-66.54,26.54,0.082,0.088,69.16
173,4,-80.55,23.13,0.214,0.283,46.21
173,5,-89.24,27.73,0.669,0.799,19.62
174,1,-38.7,5.7,0.154,0.886,22.2
174,2,-53.53,28.77,0.932,0.997,23.45
174,3,-50.39,15.05,0.88,0.049,28.3
174,4,-75.91,12.72,0.138,0.859,11.19
174,5,-62.5,28.62,0.239,0.758,47.53
175,1,-67.41,12.34,0.977,0.646,1.0
175,2,-38.6,15.62,0.782,0.766,16.38
175,3,-53.06,30.53,0.575,0.207,61.25
175,4,-62.25,15.93,0.427,0.645,19.27
175,5,-67.71,14.42,0.199,0.783,21.74
176,1,-39.99,17.96,0.751,0.897,19.94
176,2,-37.4,18.18,0.339,0.062,57.04
176,3,-63.26,8.82,0.249,0.317,21.4
176,4,-73.36,35.05,0.857,0.765,39.23
176,5,-81.93,29.16,0.945,0.683,21.96
177,1,-54.49,22.87,0.12,0.312,50.84
177,2,-45.87,35.15,0.137,0.952,73.01
177,3,-48.65,33.42,0.946,0.313,52.54
177,4,-42.78,9.61,0.705,0.742,4.7
177,5,-41.98,10.91,0.054,0.717,33.74
178,1,-63.85,34.72,0.383,0.168,72.34
178,2,-79.59,30.21,0.511,0.604,43.88
178,3,-64.65,34.0,0.83,0.709,46.72
178,4,-70.04,35.77,0.725,0.113,65.13
178,5,-67.57,36.02,0.047,0.961,66.0
179,1,-75.12,13.71,0.942,0.298,8.5
179,2,-47.35,18.76,0.139,0.011,60.67
179,3,-69.7,17.5,0.344,0.521,26.94
179,4,-65.76,35.8,0.506,0.508,60.31
179,5,-53.53,25.84,0.415,0.422,51.58
180,1,-46.82,11.85,0.82,0.649,5.86
180,2,-75.88,31.32,0.513,0.321,44.35
180,3,-57.22,39.85,0.435,0.921,63.64
180,4,-78.77,19.65,0.22,0.0,42.85
180,5,-39.67,34.54,0.742,0.168,73.74
181,1,-66.32,9.17,0.512,0.349,11.59
181,2,-69.38,26.75,0.719,0.111,48.23
181,3,-71.23,20.55,0.676,0.509,21.14
181,4,-42.62,35.31,0.01,0.778,80.4
181,5,-63.42,39.54,0.755,0.249,68.45
182,1,-60.39,39.72,0.858,0.097,68.17
182,2,-89.62,19.12,0.235,0.819,19.83
182,3,-71.45,33.96,0.001,0.308,72.14
182,4,-86.25,11.55,0.556,0.291,3.74
182,5,-67.04,18.19,0.876,0.905,1.0
183,1,-84.13,38.37,0.06,0.298,75.17
183,2,-73.61,16.21,0.164,0.783,22.07
183,3,-83.19,7.47,0.909,0.19,1.0
183,4,-44.83,24.06,0.078,0.955,51.25
183,5,-80.72,34.89,0.013,0.512,64.99
184,1,-47.68,37.72,0.909,0.82,53.34
184,2,-74.37,15.11,0.377,0.393,22.53
184,3,-60.05,10.6,0.691,0.168,16.34
184,4,-46.2,30.88,0.646,0.156,59.5
184,5,-59.91,8.06,0.377,0.414,13.36
185,1,-80.15,18.73,0.948,0.141,15.05
185,2,-48.01,8.8,0.981,0.382,2.62
185,3,-55.48,11.72,0.146,0.938,21.38
185,4,-39.53,36.06,0.625,0.808,62.78
185,5,-72.75,27.25,0.356,0.149,52.15
186,1,-57.19,33.5,0.382,0.132,71.8
186,2,-73.51,27.5,0.601,0.696,30.68
186,3,-70.06,33.84,0.204,0.469,63.23
186,4,-83.96,35.93,0.343,0.684,53.98
186,5,-88.61,29.15,0.316,0.056,48.94
187,1,-68.73,7.82,0.147,0.298,21.19
187,2,-85.06,36.88,0.006,0.484,67.83
187,3,-39.07,10.66,0.966,0.206,15.48
187,4,-49.21,24.13,0.884,0.554,29.11
187,5,-80.86,37.08,0.328,0.372,65.06
188,1,-48.21,16.86,0.952,0.738,15.45
188,2,-87.27,14.0,0.465,0.227,15.46
188,3,-49.09,37.17,0.424,0.342,78.34
188,4,-63.1,17.31,0.91,0.569,13.16
188,5,-48.08,33.41,0.342,0.434,70.51
189,1,-46.33,37.93,0.623,0.742,68.47
189,2,-45.72,34.58,0.395,0.051,88.17
189,3,-65.23,31.21,0.357,0.635,50.41
189,4,-79.75,31.23,0.546,0.204,54.14
189,5,-63.46,12.56,0.967,0.715,1.0
190,1,-37.36,19.95,0.475,0.898,40.08
190,2,-76.13,20.64,0.123,0.206,45.03
190,3,-89.95,6.37,0.977,0.242,1.0
190,4,-59.71,10.36,0.728,0.6,5.4
190,5,-49.78,31.94,0.975,0.574,49.14
191,1,-86.24,36.41,0.119,0.328,63.92
191,2,-45.13,25.91,0.394,0.473,54.36
191,3,-42.17,8.08,0.777,0.848,3.33
191,4,-80.0,20.06,0.165,0.707,34.05
191,5,-79.19,12.41,0.041,0.322,27.64
192,1,-59.21,35.03,0.667,0.435,59.7
192,2,-75.76,6.85,0.726,0.121,3.31
192,3,-73.35,23.64,0.564,0.601,27.46
192,4,-56.05,38.94,0.728,0.923,51.66
192,5,-48.08,25.71,0.192,0.667,59.04
193,1,-63.06,23.5,0.334,0.519,47.38
193,2,-79.13,33.18,0.186,0.085,74.87
193,3,-65.93,14.69,0.558,0.347,18.67
193,4,-38.69,37.29,0.502,0.328,75.74
193,5,-39.37,5.42,0.553,0.741,5.09
194,1,-63.32,7.99,0.972,0.518,1.0
194,2,-63.41,20.02,0.075,0.106,55.21
194,3,-43.94,13.39,0.195,0.505,33.39
194,4,-87.99,6.85,0.834,0.118,1.0
194,5,-87.52,20.33,0.844,0.262,13.46
195,1,-65.3,25.22,0.571,0.332,42.08
195,2,-72.65,8.73,0.367,0.099,22.45
195,3,-74.31,27.08,0.456,0.482,43.68
195,4,-48.32,14.87,0.318,0.925,22.85
195,5,-39.8,26.36,0.546,0.25,58.12
196,1,-71.12,34.82,0.559,0.515,54.13
196,2,-56.82,7.79,0.683,0.933,1.0
196,3,-58.34,9.41,0.582,0.766,5.93
196,4,-54.32,36.47,0.624,0.131,73.09
196,5,-72.97,12.06,0.909,0.76,1.0
197,1,-79.88,31.48,0.474,0.226,56.31
197,2,-56.09,6.41,0.326,0.469,12.12
197,3,-78.81,31.92,0.426,0.565,46.61
197,4,-88.84,6.21,0.446,0.817,1.0
197,5,-68.66,34.03,0.134,0.935,56.58
198,1,-48.67,37.95,0.677,0.363,71.83
198,2,-71.73,29.53,0.765,0.929,27.66
198,3,-78.74,32.93,0.739,0.064,48.24
198,4,-73.25,39.4,0.643,0.718,52.62
198,5,-36.29,18.2,0.802,0.435,32.74
199,1,-37.88,12.66,0.326,0.756,28.38
199,2,-68.34,26.29,0.445,0.742,35.78
199,3,-80.76,17.42,0.4,0.057,25.35
199,4,-57.92,35.95,0.152,0.598,70.81
199,5,-51.44,19.38,0.505,0.007,53.1
